State,Freq_Course_View,Freq_Forum_Consume,Freq_Forum_Contribute,Freq_Lecture_View,Regularity_Course_View,Session_Count,Total_Duration,Active_Days,StateID
Active,0.981764309769,0.8597352815220792,0.6340764798513128,0.6642493703473478,0.8612597122589509,1.0389319643156145,0.9170530544446118,0.9177965123048252,3
Average,-0.15213983665399014,-0.07468258679256673,-0.02045832301686272,-0.07833136986542572,-0.03374685449354432,-0.11796176758271007,-0.12311307669100724,-0.045376901317078985,2
Disengaged,-1.125317173984977,-1.0947771076065629,-0.8720796690012662,-0.8073225227954165,-1.1734099684879733,-1.2712123600656888,-1.0866225788857626,-1.232856309902306,1
