week,Accuracy,Precision,Recall,F1
1,0.84,1.0,0.6666666666666666,0.8
2,1.0,1.0,1.0,1.0
3,0.9615384615384616,1.0,0.9230769230769231,0.96
4,0.9615384615384616,0.9285714285714286,1.0,0.9629629629629629
5,0.9615384615384616,0.9285714285714286,1.0,0.9629629629629629
