week,R2,RMSE,MAE,model
1,-0.06517276476100409,1.7771409866606946,1.229613791785596,OLS
2,0.6699119027388256,1.5567533896164936,1.2612543482149077,OLS
3,0.7485296743395724,1.3587772284615223,0.9896643315423646,RF
4,0.4895383044512671,1.4466786772184237,0.9027991825881004,RF
5,0.8424750063751009,0.8036468308029251,0.6201964613254817,RF
