Action,count,proportion
Group_work,32748,0.399833951943739
Course_view,25293,0.3088127563977339
Practicals,10020,0.12233834733346356
Assignment,7369,0.08997118577847235
Instructions,6474,0.07904375854659113
