,Isolate,Mediator,Leader
Isolate,0.4230769230769231,0.4782051282051282,0.09871794871794871
Mediator,0.19004764425622023,0.5632609846479619,0.2466913710958179
Leader,0.046861184792219276,0.42793987621573826,0.5251989389920424
