,Isolate,Mediator,Leader
Isolate,0.4633333333333333,0.4533333333333333,0.08333333333333333
Mediator,0.19213973799126638,0.6069868995633187,0.20087336244541484
Leader,0.04868913857677903,0.5393258426966292,0.41198501872659177
