,Isolate,Mediator,Leader
Isolate,0.4092664092664093,0.4517374517374517,0.138996138996139
Mediator,0.18518518518518517,0.5475040257648953,0.2673107890499195
Leader,0.055825242718446605,0.4174757281553398,0.5266990291262136
